idx,anoIdx
1,2
2,3
3,4
4,5
5,6
6,9
7,14
8,16
9,18
10,19
11,20
12,21
13,22
14,23
15,24
16,27
17,28
18,31
19,34
20,36
21,38
22,40
23,41
24,42
25,43
26,44
27,46
28,49
29,52
30,55
31,56
32,60
33,61
34,62
35,65
36,69
37,71
38,72
39,74
40,76
41,77
42,79
43,80
44,81
45,84
46,85
47,86
48,87
49,90
50,93
51,94
52,96
53,98
54,99
55,100
56,102
57,103
58,104
59,105
60,106
61,108
62,110
63,111
64,112
65,116
66,118
67,119
68,120
69,122
70,123
71,124
72,125
73,126
74,127
75,128
76,129
77,130
78,131
79,134
80,135
81,137
82,138
83,139
84,141
85,142
86,143
87,144
88,145
89,146
90,148
91,150
92,152
93,153
94,154
95,155
96,156
97,157
98,158
99,159
100,162
101,163
102,164
103,165
104,168
105,170
106,171
107,172
108,173
109,174
110,175
111,176
112,178
113,179
114,180
115,184
116,185
117,186
118,188
119,190
120,191
121,192
122,193
123,194
124,196
125,198
126,199
127,200
128,201
129,202
130,203
131,204
132,205
133,209
134,211
135,212
136,213
137,214
138,215
139,217
140,220
141,221
142,222
143,223
144,225
145,228
146,229
147,231
148,232
149,233
150,235
151,236
152,239
153,240
154,241
155,244
156,245
157,246
158,248
159,249
160,250
161,251
162,252
163,253
164,255
165,256
166,257
167,258
168,260
169,262
170,263
171,264
172,265
173,266
174,267
175,268
176,269
177,270
178,271
179,275
180,276
181,277
182,278
183,279
184,284
185,285
186,287
187,289
188,290
189,291
190,292
191,293
192,294
193,295
194,297
195,298
196,300
197,301
198,302
199,304
200,307
201,310
202,312
203,314
204,315
205,317
206,319
207,321
208,322
209,323
210,324
211,328
212,329
213,332
214,333
215,334
216,337
217,338
218,339
219,341
220,344
221,345
222,346
223,347
224,348
225,350
226,351
227,352
228,353
229,354
230,355
231,357
232,358
233,359
234,360
235,361
236,362
237,364
238,365
239,367
240,368
241,370
242,371
243,372
244,373
245,375
246,376
247,378
248,380
249,381
250,383
251,386
252,387
253,388
254,389
255,390
256,392
257,394
258,395
259,396
260,399
261,401
262,402
263,403
264,404
265,406
266,409
267,410
268,411
269,412
270,413
271,414
272,415
273,417
274,419
275,421
276,423
277,424
278,425
279,427
280,428
281,429
282,430
283,431
284,435
285,438
286,440
287,441
288,442
289,443
290,445
291,447
292,448
293,449
294,450
295,451
296,453
297,454
298,455
299,456
300,458
301,459
302,460
303,462
304,464
305,465
306,466
307,467
308,468
309,469
310,470
311,472
312,475
313,476
314,477
315,478
316,480
317,481
318,482
319,485
320,486
321,487
322,489
323,490
324,491
325,492
326,494
327,495
328,496
329,497
330,500
331,502
332,508
333,509
334,510
335,511
336,513
337,515
338,518
339,520
340,521
341,525
342,526
343,528
344,530
345,531
346,536
347,537
348,538
349,539
350,540
351,541
352,542
353,543
354,544
355,545
356,546
357,550
358,551
359,552
360,553
361,554
362,555
363,556
364,557
365,558
366,559
367,561
368,565
369,567
370,568
371,570
372,571
373,572
374,574
375,576
376,577
377,580
378,581
379,582
380,583
381,584
382,585
383,586
384,587
385,588
386,589
387,590
388,593
389,594
390,596
391,597
392,600
393,601
394,602
395,603
396,604
397,605
398,607
399,608
400,609
401,610
402,611
403,613
404,615
405,616
406,618
407,619
408,621
409,622
410,624
411,625
412,626
413,629
414,632
415,633
416,635
417,638
418,639
419,640
420,643
421,644
422,645
423,646
424,648
425,649
426,650
427,651
428,652
429,653
430,654
431,655
432,657
433,659
434,661
435,663
436,666
437,667
438,668
439,669
440,673
441,674
442,675
443,676
444,677
445,678
446,680
447,681
448,682
449,684
450,685
451,686
452,687
453,688
454,689
455,690
456,691
457,693
458,694
459,695
460,696
461,697
462,698
463,699
464,700
465,702
466,703
467,704
468,705
469,706
470,707
471,711
472,712
473,713
474,715
475,716
476,717
477,718
478,719
479,720
480,721
481,722
482,724
483,725
484,726
485,727
486,729
487,730
488,731
489,732
490,734
491,736
492,738
493,739
494,740
495,741
496,745
497,747
498,748
499,749
500,750
501,751
502,752
503,753
504,754
505,756
506,757
507,760
508,761
509,762
510,764
511,766
512,768
513,769
514,773
515,774
516,777
517,778
518,780
519,781
520,782
521,783
522,784
523,785
524,786
525,787
526,788
527,789
528,790
529,791
530,793
531,794
532,796
533,797
534,798
535,800
536,804
537,806
538,807
539,808
540,810
541,811
542,812
543,813
544,814
545,816
546,817
547,818
548,820
549,821
550,823
551,824
552,825
553,826
554,827
555,828
556,831
557,833
558,834
559,836
560,840
561,841
562,842
563,844
564,847
565,849
566,851
567,852
568,853
569,854
570,855
571,856
572,858
573,859
574,860
575,862
576,864
577,866
578,867
579,870
580,871
581,875
582,876
583,877
584,881
585,883
586,887
587,890
588,892
589,893
590,894
591,896
592,898
593,899
594,902
595,903
596,904
597,906
598,907
599,908
600,912
601,913
602,916
603,917
604,920
605,923
606,925
607,928
608,929
609,930
610,931
611,934
612,937
613,941
614,942
615,944
616,945
617,946
618,947
619,950
620,952
621,954
622,956
623,957
624,958
625,959
626,960
627,965
628,967
629,968
630,969
631,972
632,973
633,974
634,975
635,976
636,978
637,979
638,980
639,981
640,983
641,985
642,986
643,990
644,993
645,994
646,996
647,997
648,998
649,999
650,1000
651,1001
652,1002
653,1003
654,1004
655,1006
656,1007
657,1008
658,1009
659,1011
660,1013
661,1016
662,1017
663,1019
664,1020
665,1021
666,1023
667,1024
668,1025
669,1026
670,1028
671,1029
672,1030
673,1032
674,1033
675,1034
676,1035
677,1036
678,1037
679,1038
680,1040
681,1041
682,1042
683,1043
684,1046
685,1047
686,1050
687,1053
688,1055
689,1056
690,1057
691,1059
692,1060
693,1062
694,1063
695,1064
696,1067
697,1068
698,1069
699,1071
700,1072
701,1074
702,1075
703,1076
704,1077
705,1078
706,1079
707,1081
708,1082
709,1084
710,1085
711,1088
712,1089
713,1091
714,1095
715,1097
716,1098
717,1102
718,1103
719,1104
720,1106
721,1107
722,1110
723,1111
724,1112
725,1114
726,1115
727,1116
728,1117
729,1118
730,1119
731,1121
732,1122
733,1124
734,1125
735,1128
736,1129
737,1130
738,1131
739,1133
740,1134
741,1135
742,1136
743,1137
744,1138
745,1139
746,1141
747,1142
748,1143
749,1144
750,1145
751,1150
752,1151
753,1152
754,1153
755,1154
756,1158
757,1159
758,1160
759,1161
760,1163
761,1165
762,1166
763,1167
764,1169
765,1170
766,1173
767,1174
768,1175
769,1176
770,1177
771,1179
772,1182
773,1183
774,1184
775,1188
776,1189
777,1190
778,1191
779,1192
780,1194
781,1195
782,1196
783,1198
784,1200
785,1201
786,1205
787,1206
788,1209
789,1211
790,1212
791,1213
792,1214
793,1215
794,1216
795,1217
796,1220
797,1222
798,1225
799,1226
800,1228
801,1231
802,1232
803,1234
804,1235
805,1237
806,1240
807,1242
808,1243
809,1245
810,1246
811,1247
812,1248
813,1249
814,1251
815,1252
816,1255
817,1256
818,1257
819,1258
820,1259
821,1262
822,1263
823,1266
824,1267
825,1269
826,1271
827,1273
828,1276
829,1277
830,1278
831,1279
832,1283
833,1286
834,1287
835,1288
836,1289
837,1290
838,1291
839,1293
840,1294
841,1295
842,1300
843,1301
844,1302
845,1303
846,1304
847,1307
848,1309
849,1310
850,1312
851,1313
852,1315
853,1316
854,1318
855,1320
856,1323
857,1325
858,1326
859,1327
860,1329
861,1330
862,1331
863,1333
864,1334
865,1335
866,1336
867,1337
868,1338
869,1340
870,1344
871,1345
872,1346
873,1347
874,1349
875,1354
876,1355
877,1356
878,1358
879,1359
880,1360
881,1363
882,1365
883,1366
884,1367
885,1368
886,1369
887,1371
888,1372
889,1375
890,1377
891,1378
892,1380
893,1382
894,1383
895,1384
896,1386
897,1388
898,1389
899,1390
900,1391
901,1392
902,1395
903,1396
904,1399
905,1400
906,1401
907,1405
908,1406
909,1407
910,1408
911,1409
912,1410
913,1411
914,1413
915,1414
916,1416
917,1417
918,1418
919,1420
920,1421
921,1424
922,1425
923,1426
924,1427
925,1428
926,1430
927,1432
928,1434
929,1436
930,1438
931,1439
932,1440
933,1441
934,1442
935,1444
936,1445
937,1446
938,1447
939,1448
940,1449
941,1450
942,1452
943,1454
944,1456
945,1457
946,1459
947,1460
948,1461
949,1463
950,1466
951,1467
952,1468
953,1473
954,1477
955,1478
956,1479
957,1481
958,1483
959,1484
960,1486
961,1488
962,1490
963,1491
964,1493
965,1494
966,1495
967,1496
968,1497
969,1498
970,1499
971,1500
972,1502
973,1503
974,1504
975,1505
976,1506
977,1507
978,1509
979,1510
980,1512
981,1514
982,1515
983,1517
984,1519
985,1520
986,1521
987,1522
988,1523
989,1524
990,1526
991,1528
992,1531
993,1532
994,1533
995,1534
996,1535
997,1537
998,1538
999,1539
1000,1541
1001,1542
1002,1544
1003,1547
1004,1548
1005,1553
1006,1554
1007,1555
1008,1557
1009,1558
1010,1561
1011,1562
1012,1563
1013,1566
1014,1567
1015,1569
1016,1571
1017,1572
1018,1573
1019,1575
1020,1579
1021,1580
1022,1581
1023,1584
1024,1585
1025,1587
1026,1588
1027,1589
1028,1592
1029,1593
1030,1594
1031,1595
1032,1596
1033,1598
1034,1600
1035,1602
1036,1603
1037,1606
1038,1607
1039,1608
1040,1610
1041,1613
1042,1614
1043,1616
1044,1617
1045,1618
1046,1619
1047,1620
1048,1621
1049,1622
1050,1624
1051,1625
1052,1626
1053,1628
1054,1630
1055,1631
1056,1633
1057,1634
1058,1635
1059,1638
1060,1639
1061,1641
1062,1642
1063,1643
1064,1644
1065,1646
1066,1648
1067,1650
1068,1651
1069,1652
1070,1654
1071,1655
1072,1656
1073,1658
1074,1660
1075,1661
1076,1662
1077,1667
1078,1668
1079,1670
1080,1671
1081,1672
1082,1674
1083,1676
1084,1678
1085,1679
1086,1680
1087,1681
1088,1682
1089,1683
1090,1684
1091,1686
1092,1688
1093,1689
1094,1691
1095,1692
1096,1694
1097,1696
1098,1697
1099,1698
1100,1699
1101,1701
1102,1703
1103,1704
1104,1705
1105,1706
1106,1707
1107,1709
1108,1710
1109,1713
1110,1714
1111,1718
1112,1719
1113,1720
1114,1721
1115,1723
1116,1724
1117,1726
1118,1727
1119,1728
1120,1730
1121,1731
1122,1733
1123,1734
1124,1738
1125,1739
1126,1741
1127,1742
1128,1744
1129,1745
1130,1746
1131,1747
1132,1748
1133,1749
1134,1750
1135,1756
1136,1758
1137,1760
1138,1763
1139,1764
1140,1765
1141,1766
1142,1768
1143,1769
1144,1770
1145,1771
1146,1772
1147,1773
1148,1778
1149,1782
1150,1783
1151,1784
1152,1785
1153,1786
1154,1787
1155,1788
1156,1789
1157,1790
1158,1792
1159,1793
1160,1796
1161,1797
1162,1799
1163,1800
1164,1801
1165,1803
1166,1804
1167,1806
1168,1807
1169,1808
1170,1810
1171,1811
1172,1815
1173,1817
1174,1818
1175,1822
1176,1823
1177,1825
1178,1826
1179,1827
1180,1829
1181,1830
1182,1832
1183,1835
1184,1836
1185,1839
1186,1840
1187,1841
1188,1842
1189,1843
1190,1847
1191,1848
1192,1850
1193,1851
1194,1855
1195,1856
1196,1857
1197,1860
1198,1861
1199,1862
1200,1863
1201,1864
1202,1867
1203,1868
1204,1869
1205,1871
1206,1872
1207,1873
1208,1874
1209,1875
1210,1876
1211,1877
1212,1878
1213,1879
1214,1880
1215,1881
1216,1882
1217,1883
1218,1884
1219,1885
1220,1888
1221,1890
1222,1892
1223,1893
1224,1896
1225,1897
1226,1899
1227,1902
1228,1903
1229,1906
1230,1907
1231,1910
1232,1911
1233,1912
1234,1918
1235,1920
1236,1922
1237,1923
1238,1924
1239,1925
1240,1926
1241,1928
1242,1929
1243,1930
1244,1931
1245,1933
1246,1935
1247,1938
1248,1941
1249,1942
1250,1944
1251,1945
1252,1947
1253,1948
1254,1949
1255,1950
1256,1954
1257,1956
1258,1957
1259,1958
1260,1960
1261,1961
1262,1964
1263,1965
1264,1966
1265,1968
1266,1971
1267,1973
1268,1974
1269,1975
1270,1976
1271,1979
1272,1980
1273,1981
1274,1982
1275,1983
1276,1987
1277,1990
1278,1992
1279,1993
1280,1994
1281,1997
1282,1999
1283,2000
1284,2001
1285,2004
1286,2005
1287,2006
1288,2007
1289,2008
1290,2009
1291,2012
1292,2013
1293,2016
1294,2018
1295,2019
1296,2021
1297,2022
1298,2024
1299,2025
1300,2026
1301,2027
1302,2028
1303,2029
1304,2030
1305,2031
1306,2032
1307,2033
1308,2036
1309,2037
1310,2040
1311,2041
1312,2043
1313,2044
1314,2045
1315,2046
1316,2048
1317,2051
1318,2052
1319,2054
1320,2056
1321,2057
1322,2059
1323,2060
1324,2061
1325,2065
1326,2066
1327,2067
1328,2068
1329,2069
1330,2070
1331,2071
1332,2072
1333,2073
1334,2077
1335,2079
1336,2080
1337,2081
1338,2082
1339,2083
1340,2086
1341,2087
1342,2089
1343,2090
1344,2092
1345,2093
1346,2094
1347,2096
1348,2097
1349,2100
1350,2102
1351,2103
1352,2104
1353,2105
1354,2106
1355,2107
1356,2108
1357,2109
1358,2110
1359,2111
1360,2112
1361,2113
1362,2114
1363,2115
1364,2116
1365,2117
1366,2118
1367,2119
1368,2121
1369,2122
1370,2125
1371,2126
1372,2127
1373,2128
1374,2130
1375,2131
1376,2132
1377,2133
1378,2136
1379,2137
1380,2138
1381,2139
1382,2141
1383,2142
1384,2143
1385,2144
1386,2145
1387,2146
1388,2147
1389,2148
1390,2149
1391,2151
1392,2152
1393,2153
1394,2154
1395,2159
1396,2160
1397,2162
1398,2163
1399,2164
1400,2165
1401,2166
1402,2170
1403,2172
1404,2173
1405,2174
1406,2175
1407,2177
1408,2178
1409,2180
1410,2181
1411,2182
1412,2184
1413,2185
1414,2187
1415,2188
1416,2189
1417,2190
1418,2191
1419,2193
1420,2194
1421,2196
1422,2198
1423,2200
1424,2201
1425,2202
1426,2204
1427,2205
1428,2207
1429,2208
1430,2209
1431,2211
1432,2212
1433,2215
1434,2216
1435,2220
1436,2221
1437,2222
1438,2223
1439,2225
1440,2227
1441,2228
1442,2231
1443,2233
1444,2234
1445,2235
1446,2236
1447,2237
1448,2238
1449,2240
1450,2241
1451,2242
1452,2243
1453,2244
1454,2245
1455,2246
1456,2247
1457,2248
1458,2249
1459,2251
1460,2253
1461,2255
1462,2256
1463,2257
1464,2258
1465,2259
1466,2260
1467,2261
1468,2263
1469,2264
1470,2265
1471,2266
1472,2268
1473,2270
1474,2272
1475,2273
1476,2274
1477,2275
1478,2276
1479,2277
1480,2278
1481,2281
1482,2282
1483,2283
1484,2285
1485,2287
1486,2289
1487,2291
1488,2293
1489,2295
1490,2296
1491,2297
1492,2299
1493,2300
1494,2301
1495,2302
1496,2303
1497,2304
1498,2305
1499,2308
1500,2311
1501,2313
1502,2314
1503,2315
1504,2317
1505,2319
1506,2320
1507,2321
1508,2322
1509,2325
1510,2326
1511,2330
1512,2332
1513,2333
1514,2334
1515,2336
1516,2337
1517,2338
1518,2343
1519,2344
1520,2347
1521,2348
1522,2349
1523,2350
1524,2351
1525,2352
1526,2354
1527,2355
1528,2357
1529,2358
1530,2359
1531,2360
1532,2361
1533,2363
1534,2364
1535,2366
1536,2368
1537,2369
1538,2370
1539,2372
1540,2373
1541,2375
1542,2376
1543,2377
1544,2378
1545,2379
1546,2382
1547,2384
1548,2385
1549,2386
1550,2388
1551,2389
1552,2390
1553,2392
1554,2393
1555,2395
1556,2397
1557,2398
1558,2399
1559,2400
1560,2402
1561,2403
1562,2404
1563,2405
1564,2407
1565,2409
1566,2410
1567,2414
1568,2415
1569,2416
1570,2417
1571,2418
1572,2419
1573,2420
1574,2422
1575,2423
1576,2424
1577,2425
1578,2426
1579,2427
1580,2428
1581,2429
1582,2430
1583,2431
1584,2433
1585,2435
1586,2437
1587,2440
1588,2443
1589,2444
1590,2445
1591,2449
1592,2450
1593,2451
1594,2452
1595,2453
1596,2454
1597,2455
1598,2456
1599,2457
1600,2458
1601,2459
1602,2460
1603,2461
1604,2463
1605,2465
1606,2466
1607,2468
1608,2470
1609,2471
1610,2472
1611,2473
1612,2474
1613,2475
1614,2476
1615,2477
1616,2478
1617,2481
1618,2484
1619,2485
1620,2486
1621,2487
1622,2490
1623,2491
1624,2492
1625,2493
1626,2494
1627,2497
1628,2498
1629,2500
1630,2501
1631,2502
1632,2503
1633,2505
1634,2508
1635,2509
1636,2510
1637,2512
1638,2513
1639,2516
1640,2517
1641,2518
1642,2519
1643,2521
1644,2522
1645,2523
1646,2526
1647,2528
1648,2529
1649,2530
1650,2531
1651,2537
1652,2538
1653,2541
1654,2542
1655,2544
1656,2545
1657,2546
1658,2547
1659,2548
1660,2549
1661,2551
1662,2552
1663,2554
1664,2557
1665,2559
1666,2560
1667,2561
1668,2562
1669,2563
1670,2564
1671,2565
1672,2566
1673,2567
1674,2568
1675,2569
1676,2570
1677,2573
1678,2575
1679,2576
1680,2577
1681,2583
1682,2584
1683,2585
1684,2587
1685,2588
1686,2589
1687,2590
1688,2591
1689,2592
1690,2594
1691,2596
1692,2597
1693,2600
1694,2603
1695,2604
1696,2606
1697,2607
1698,2608
1699,2609
1700,2610
1701,2612
1702,2613
1703,2614
1704,2617
1705,2618
1706,2619
1707,2621
1708,2623
1709,2624
1710,2625
1711,2627
1712,2628
1713,2630
1714,2631
1715,2632
1716,2633
1717,2634
1718,2635
1719,2636
1720,2638
1721,2640
1722,2642
1723,2643
1724,2644
1725,2646
1726,2647
1727,2648
1728,2651
1729,2653
1730,2654
1731,2655
1732,2656
1733,2658
1734,2661
1735,2662
1736,2663
1737,2664
1738,2665
1739,2666
1740,2668
1741,2670
1742,2671
1743,2672
1744,2673
1745,2674
1746,2675
1747,2676
1748,2677
1749,2679
1750,2680
1751,2683
1752,2684
1753,2686
1754,2689
1755,2690
1756,2691
1757,2693
1758,2695
1759,2696
1760,2697
1761,2698
1762,2699
1763,2700
1764,2701
1765,2702
1766,2703
1767,2705
1768,2707
1769,2708
1770,2711
1771,2715
1772,2716
1773,2717
1774,2720
1775,2723
1776,2725
1777,2729
1778,2731
1779,2732
1780,2733
1781,2734
1782,2737
1783,2738
1784,2740
1785,2741
1786,2745
1787,2747
1788,2748
1789,2750
1790,2751
1791,2752
1792,2753
1793,2755
1794,2757
1795,2758
1796,2760
1797,2762
1798,2763
1799,2765
1800,2766
1801,2767
1802,2768
1803,2769
1804,2770
1805,2773
1806,2775
1807,2776
1808,2777
1809,2778
1810,2779
1811,2781
1812,2782
1813,2783
1814,2784
1815,2785
1816,2786
1817,2787
1818,2789
1819,2791
1820,2792
1821,2793
1822,2794
1823,2797
1824,2798
1825,2799
1826,2800
1827,2801
1828,2802
1829,2804
1830,2805
1831,2807
1832,2808
1833,2809
1834,2810
1835,2811
1836,2812
1837,2813
1838,2814
1839,2816
1840,2819
1841,2821
1842,2822
1843,2824
1844,2825
1845,2827
1846,2828
1847,2830
1848,2832
1849,2833
1850,2834
1851,2835
1852,2837
1853,2838
1854,2839
1855,2840
1856,2842
1857,2843
1858,2844
1859,2847
1860,2848
1861,2850
1862,2853
1863,2854
1864,2855
1865,2857
1866,2858
1867,2859
1868,2861
1869,2862
1870,2864
1871,2865
1872,2867
1873,2869
1874,2870
1875,2871
1876,2872
1877,2874
1878,2876
1879,2879
1880,2881
1881,2884
1882,2888
1883,2891
1884,2892
1885,2893
1886,2894
1887,2895
1888,2897
1889,2898
1890,2899
1891,2900
1892,2901
1893,2902
1894,2903
1895,2904
1896,2906
1897,2909
1898,2910
1899,2911
1900,2912
1901,2913
1902,2914
1903,2915
1904,2916
1905,2921
1906,2922
1907,2924
1908,2925
1909,2926
1910,2929
1911,2930
1912,2931
1913,2932
1914,2934
1915,2935
1916,2936
1917,2937
1918,2939
1919,2940
1920,2941
1921,2942
1922,2943
1923,2944
1924,2947
1925,2948
1926,2949
1927,2950
1928,2951
1929,2952
1930,2954
1931,2957
1932,2958
1933,2959
1934,2960
1935,2962
1936,2965
1937,2966
1938,2968
1939,2970
1940,2971
1941,2972
1942,2980
1943,2982
1944,2983
1945,2985
1946,2986
1947,2987
1948,2989
1949,2990
1950,2992
1951,2994
1952,2995
1953,2997
1954,2998
1955,2999
1956,3003
1957,3005
1958,3006
1959,3007
1960,3009
1961,3011
1962,3012
1963,3013
1964,3014
1965,3015
1966,3016
1967,3022
1968,3023
1969,3024
1970,3026
1971,3028
1972,3029
1973,3032
1974,3033
1975,3034
1976,3035
1977,3036
1978,3037
1979,3038
1980,3039
1981,3040
1982,3043
1983,3047
1984,3048
1985,3050
1986,3051
1987,3052
1988,3056
1989,3058
1990,3062
1991,3063
1992,3066
1993,3067
1994,3068
1995,3072
1996,3073
1997,3074
1998,3075
1999,3076
2000,3077
2001,3078
2002,3079
2003,3080
2004,3081
2005,3082
2006,3083
2007,3084
2008,3085
2009,3088
2010,3090
2011,3092
2012,3094
2013,3095
2014,3097
2015,3098
2016,3102
2017,3103
2018,3104
2019,3105
2020,3108
2021,3109
2022,3111
2023,3113
2024,3115
2025,3116
2026,3118
2027,3120
2028,3121
2029,3123
2030,3125
2031,3126
2032,3127
2033,3128
2034,3130
2035,3131
2036,3132
2037,3134
2038,3135
2039,3137
2040,3138
2041,3139
2042,3140
2043,3142
2044,3143
2045,3146
2046,3147
2047,3148
2048,3150
2049,3151
2050,3155
2051,3156
2052,3157
2053,3158
2054,3161
2055,3162
2056,3163
2057,3165
2058,3166
2059,3167
2060,3168
2061,3172
2062,3173
2063,3175
2064,3176
2065,3177
2066,3179
2067,3180
2068,3181
2069,3182
2070,3184
2071,3187
2072,3188
2073,3189
2074,3190
2075,3191
2076,3192
2077,3193
2078,3195
2079,3197
2080,3199
2081,3200
2082,3203
2083,3204
2084,3206
2085,3210
2086,3211
2087,3213
2088,3215
2089,3216
2090,3218
2091,3219
2092,3220
2093,3221
2094,3222
2095,3223
2096,3224
2097,3225
2098,3227
2099,3228
2100,3229
2101,3231
2102,3232
2103,3233
2104,3234
2105,3235
2106,3236
2107,3238
2108,3239
2109,3240
2110,3242
2111,3243
2112,3244
2113,3246
2114,3248
2115,3249
2116,3253
2117,3255
2118,3257
2119,3258
2120,3261
2121,3262
2122,3263
2123,3265
2124,3266
2125,3267
2126,3270
2127,3273
2128,3274
2129,3275
2130,3277
2131,3278
2132,3279
2133,3280
2134,3282
2135,3283
2136,3284
2137,3285
2138,3286
2139,3287
2140,3288
2141,3289
2142,3291
2143,3293
2144,3295
2145,3296
2146,3297
2147,3298
2148,3299
2149,3301
2150,3302
2151,3303
2152,3304
2153,3307
2154,3309
2155,3311
2156,3312
2157,3313
2158,3314
2159,3315
2160,3317
2161,3318
2162,3319
2163,3320
2164,3323
2165,3324
2166,3325
2167,3328
2168,3329
2169,3330
2170,3331
2171,3332
2172,3333
2173,3334
2174,3336
2175,3338
2176,3339
2177,3340
2178,3343
2179,3344
2180,3345
2181,3346
2182,3347
2183,3348
2184,3349
2185,3351
2186,3353
2187,3355
2188,3357
2189,3358
2190,3359
2191,3360
2192,3361
2193,3362
2194,3363
2195,3367
2196,3368
2197,3369
2198,3370
2199,3371
2200,3372
2201,3376
2202,3377
2203,3378
2204,3379
2205,3381
2206,3382
2207,3383
2208,3387
2209,3388
2210,3389
2211,3390
2212,3391
2213,3392
2214,3395
2215,3396
2216,3397
2217,3399
2218,3400
2219,3403
2220,3404
2221,3406
2222,3408
2223,3409
2224,3410
2225,3411
2226,3412
2227,3414
2228,3415
2229,3417
2230,3418
2231,3421
2232,3422
2233,3424
2234,3425
2235,3426
2236,3427
2237,3429
2238,3430
2239,3431
2240,3432
2241,3433
2242,3434
2243,3436
2244,3437
2245,3438
2246,3439
2247,3441
2248,3442
2249,3443
2250,3445
2251,3446
2252,3447
2253,3449
2254,3451
2255,3452
2256,3453
2257,3454
2258,3455
2259,3456
2260,3457
2261,3458
2262,3459
2263,3461
2264,3462
2265,3465
2266,3466
2267,3467
2268,3469
2269,3470
2270,3472
2271,3474
2272,3476
2273,3477
2274,3478
2275,3479
2276,3480
2277,3481
2278,3484
2279,3485
2280,3487
2281,3488
2282,3489
2283,3490
2284,3492
2285,3493
2286,3494
2287,3495
2288,3496
2289,3497
2290,3498
2291,3503
2292,3504
2293,3505
2294,3506
2295,3507
2296,3508
2297,3510
2298,3511
2299,3514
2300,3515
2301,3516
2302,3518
2303,3520
2304,3521
2305,3522
2306,3526
2307,3527
2308,3529
2309,3533
2310,3537
2311,3538
2312,3543
2313,3545
2314,3547
2315,3548
2316,3549
2317,3550
2318,3551
2319,3552
2320,3556
2321,3557
2322,3559
2323,3560
2324,3561
2325,3562
2326,3564
2327,3566
2328,3567
2329,3571
2330,3573
2331,3574
2332,3575
2333,3576
2334,3577
2335,3578
2336,3579
2337,3583
2338,3584
2339,3585
2340,3586
2341,3588
2342,3589
2343,3590
2344,3593
2345,3595
2346,3596
2347,3597
2348,3598
2349,3599
2350,3600
2351,3601
2352,3602
2353,3604
2354,3605
2355,3609
2356,3610
2357,3612
2358,3613
2359,3614
2360,3615
2361,3616
2362,3618
2363,3620
2364,3623
2365,3624
2366,3626
2367,3630
2368,3631
2369,3632
2370,3635
2371,3636
2372,3637
2373,3638
2374,3640
2375,3641
2376,3642
2377,3643
2378,3645
2379,3647
2380,3648
2381,3650
2382,3655
2383,3656
2384,3658
2385,3660
2386,3661
2387,3662
2388,3663
2389,3665
2390,3666
2391,3667
2392,3668
2393,3670
2394,3672
2395,3673
2396,3675
2397,3676
2398,3677
2399,3678
2400,3679
2401,3680
2402,3681
2403,3682
2404,3686
2405,3687
2406,3688
2407,3689
2408,3690
2409,3691
2410,3692
2411,3693
2412,3696
2413,3697
2414,3698
2415,3699
2416,3700
2417,3705
2418,3707
2419,3708
2420,3709
2421,3711
2422,3712
2423,3713
2424,3714
2425,3717
2426,3718
2427,3719
2428,3720
2429,3721
2430,3722
2431,3723
2432,3724
2433,3726
2434,3727
2435,3728
2436,3729
2437,3731
2438,3732
2439,3733
2440,3734
2441,3736
2442,3737
2443,3738
2444,3740
2445,3741
2446,3747
2447,3748
2448,3749
2449,3752
2450,3756
2451,3759
2452,3760
2453,3761
2454,3762
2455,3763
2456,3765
2457,3766
2458,3767
2459,3768
2460,3769
2461,3770
2462,3771
2463,3772
2464,3773
2465,3774
2466,3777
2467,3780
2468,3781
2469,3782
2470,3783
2471,3785
2472,3789
2473,3790
2474,3791
2475,3793
2476,3794
2477,3797
2478,3800
2479,3802
2480,3805
2481,3806
2482,3808
2483,3809
2484,3810
2485,3811
2486,3814
2487,3815
2488,3816
2489,3817
2490,3819
2491,3821
2492,3823
2493,3824
2494,3825
2495,3826
2496,3829
2497,3831
2498,3833
2499,3834
2500,3837
2501,3838
2502,3839
2503,3840
2504,3842
2505,3844
2506,3845
2507,3846
2508,3847
2509,3848
2510,3849
2511,3851
2512,3854
2513,3855
2514,3858
2515,3859
2516,3860
2517,3861
2518,3862
2519,3863
2520,3865
2521,3866
2522,3867
2523,3870
2524,3871
2525,3872
2526,3873
2527,3874
2528,3875
2529,3876
2530,3877
2531,3878
2532,3879
2533,3881
2534,3882
2535,3884
2536,3886
2537,3887
2538,3888
2539,3890
2540,3891
2541,3892
2542,3894
2543,3895
2544,3896
2545,3897
2546,3900
2547,3901
2548,3903
2549,3904
2550,3905
2551,3906
2552,3907
2553,3910
2554,3911
2555,3912
2556,3916
2557,3917
2558,3918
2559,3920
2560,3921
2561,3922
2562,3923
2563,3924
2564,3925
2565,3927
2566,3928
2567,3929
2568,3931
2569,3932
2570,3934
2571,3940
2572,3941
2573,3942
2574,3943
2575,3944
2576,3945
2577,3950
2578,3951
2579,3952
2580,3953
2581,3955
2582,3956
2583,3957
2584,3959
2585,3960
2586,3961
2587,3963
2588,3964
2589,3966
2590,3967
2591,3969
2592,3972
2593,3973
2594,3974
2595,3975
2596,3976
2597,3979
2598,3980
2599,3982
2600,3983
2601,3986
2602,3987
2603,3988
2604,3990
2605,3991
2606,3992
2607,3997
2608,4000
2609,4001
2610,4003
2611,4004
2612,4005
2613,4007
2614,4009
2615,4010
2616,4012
2617,4013
2618,4015
2619,4017
2620,4018
2621,4020
2622,4025
2623,4027
2624,4029
2625,4031
2626,4032
2627,4035
2628,4036
2629,4038
2630,4039
2631,4040
2632,4041
2633,4043
2634,4045
2635,4046
2636,4047
2637,4048
2638,4049
2639,4050
2640,4051
2641,4053
2642,4055
2643,4057
2644,4058
2645,4059
2646,4060
2647,4061
2648,4062
2649,4063
2650,4064
2651,4066
2652,4068
2653,4069
2654,4070
2655,4072
2656,4073
2657,4074
2658,4075
2659,4076
2660,4078
2661,4081
2662,4082
2663,4084
2664,4086
2665,4087
2666,4088
2667,4089
2668,4090
2669,4091
2670,4092
2671,4093
2672,4094
2673,4095
2674,4099
2675,4100
2676,4101
2677,4102
2678,4103
2679,4107
2680,4108
2681,4109
2682,4111
2683,4112
2684,4114
2685,4116
2686,4119
2687,4121
2688,4122
2689,4123
2690,4125
2691,4126
2692,4127
2693,4128
2694,4129
2695,4130
2696,4133
2697,4134
2698,4135
2699,4136
2700,4137
2701,4139
2702,4140
2703,4141
2704,4142
2705,4144
2706,4145
2707,4146
2708,4147
2709,4148
2710,4149
2711,4150
2712,4153
2713,4154
2714,4155
2715,4157
2716,4158
2717,4159
2718,4160
2719,4161
2720,4162
2721,4163
2722,4165
2723,4166
2724,4167
2725,4168
2726,4169
2727,4171
2728,4172
2729,4173
2730,4174
2731,4175
2732,4178
2733,4180
2734,4183
2735,4185
2736,4186
2737,4188
2738,4189
2739,4192
2740,4193
2741,4194
2742,4195
2743,4196
2744,4197
2745,4198
2746,4199
2747,4205
2748,4206
2749,4207
2750,4208
2751,4209
2752,4212
2753,4213
2754,4214
2755,4215
2756,4217
2757,4218
2758,4219
2759,4221
2760,4222
2761,4223
2762,4224
2763,4228
2764,4229
2765,4230
2766,4231
2767,4233
2768,4235
2769,4236
2770,4238
2771,4239
2772,4240
2773,4241
2774,4242
2775,4243
2776,4244
2777,4245
2778,4247
2779,4248
2780,4249
2781,4252
2782,4253
2783,4254
2784,4255
2785,4256
2786,4257
2787,4258
2788,4259
2789,4261
2790,4264
2791,4265
2792,4268
2793,4270
2794,4271
2795,4272
2796,4274
2797,4276
2798,4277
2799,4278
2800,4279
2801,4280
2802,4281
2803,4282
2804,4284
2805,4286
2806,4287
2807,4288
2808,4289
2809,4291
2810,4293
2811,4295
2812,4299
2813,4300
2814,4301
2815,4302
2816,4303
2817,4304
2818,4305
2819,4307
2820,4309
2821,4311
2822,4313
2823,4315
2824,4316
2825,4317
2826,4318
2827,4319
2828,4322
2829,4323
2830,4324
2831,4325
2832,4326
2833,4327
2834,4328
2835,4329
2836,4330
2837,4331
2838,4332
2839,4335
2840,4336
2841,4339
2842,4340
2843,4342
2844,4343
2845,4344
2846,4345
2847,4347
2848,4348
2849,4349
2850,4351
2851,4353
2852,4354
2853,4355
2854,4356
2855,4357
2856,4358
2857,4360
2858,4361
2859,4363
2860,4365
2861,4366
2862,4368
2863,4369
2864,4372
2865,4373
2866,4374
2867,4379
2868,4382
2869,4383
2870,4384
2871,4385
2872,4387
2873,4388
2874,4389
2875,4390
2876,4391
2877,4392
2878,4393
2879,4396
2880,4397
2881,4398
2882,4399
2883,4401
2884,4402
2885,4403
2886,4405
2887,4408
2888,4409
2889,4410
2890,4412
2891,4414
2892,4415
2893,4417
2894,4419
2895,4421
2896,4425
2897,4426
2898,4427
2899,4428
2900,4429
2901,4430
2902,4431
2903,4432
2904,4434
2905,4436
2906,4438
2907,4439
2908,4440
2909,4442
2910,4443
2911,4445
2912,4447
2913,4448
2914,4449
2915,4450
2916,4452
2917,4454
2918,4456
2919,4458
2920,4460
2921,4461
2922,4464
2923,4465
2924,4466
2925,4468
2926,4469
2927,4471
2928,4474
2929,4475
2930,4476
2931,4477
2932,4480
2933,4481
2934,4482
2935,4483
2936,4484
2937,4485
2938,4486
2939,4488
2940,4491
2941,4492
2942,4493
2943,4494
2944,4496
2945,4497
2946,4498
2947,4499
2948,4500
2949,4501
2950,4502
2951,4504
2952,4505
2953,4506
2954,4507
2955,4509
2956,4511
2957,4512
2958,4513
2959,4514
2960,4516
2961,4517
2962,4518
2963,4519
2964,4520
2965,4521
2966,4523
2967,4525
2968,4526
2969,4527
2970,4528
2971,4530
2972,4534
2973,4536
2974,4537
2975,4539
2976,4540
2977,4541
2978,4542
2979,4544
2980,4545
2981,4547
2982,4549
2983,4550
2984,4551
2985,4552
2986,4554
2987,4555
2988,4556
2989,4557
2990,4558
2991,4560
2992,4561
2993,4562
2994,4563
2995,4565
2996,4566
2997,4568
2998,4569
2999,4572
3000,4573
3001,4574
3002,4577
3003,4578
3004,4580
3005,4581
3006,4582
3007,4583
3008,4584
3009,4585
3010,4590
3011,4591
3012,4592
3013,4593
3014,4596
3015,4599
3016,4600
3017,4602
3018,4603
3019,4604
3020,4605
3021,4606
3022,4607
3023,4608
3024,4609
3025,4611
3026,4613
3027,4614
3028,4615
3029,4617
3030,4619
3031,4620
3032,4622
3033,4626
3034,4629
3035,4630
3036,4633
3037,4635
3038,4638
3039,4639
3040,4640
3041,4641
3042,4644
3043,4645
3044,4646
3045,4647
3046,4648
3047,4650
3048,4652
3049,4653
3050,4654
3051,4656
3052,4657
3053,4659
3054,4662
3055,4664
3056,4665
3057,4666
3058,4667
3059,4668
3060,4669
3061,4670
3062,4671
3063,4672
3064,4673
3065,4676
3066,4677
3067,4678
3068,4679
3069,4681
3070,4682
3071,4684
3072,4685
3073,4686
3074,4688
3075,4689
3076,4690
3077,4691
3078,4693
3079,4695
3080,4698
3081,4700
3082,4701
3083,4703
3084,4704
3085,4705
3086,4707
3087,4708
3088,4709
3089,4710
3090,4711
3091,4712
3092,4713
3093,4714
3094,4715
3095,4716
3096,4717
3097,4723
3098,4724
3099,4725
3100,4726
3101,4728
3102,4730
3103,4731
3104,4733
3105,4734
3106,4735
3107,4736
3108,4737
3109,4738
3110,4739
3111,4741
3112,4743
3113,4745
3114,4746
3115,4747
3116,4748
3117,4750
3118,4751
3119,4752
3120,4755
3121,4756
3122,4757
3123,4758
3124,4759
3125,4763
3126,4765
3127,4766
3128,4768
3129,4769
3130,4771
3131,4774
3132,4775
3133,4776
3134,4777
3135,4778
3136,4779
3137,4780
3138,4782
3139,4783
3140,4784
3141,4785
3142,4786
3143,4787
3144,4788
3145,4789
3146,4792
3147,4793
3148,4795
3149,4796
3150,4800
3151,4801
3152,4802
3153,4803
3154,4804
3155,4805
3156,4809
3157,4810
3158,4811
3159,4813
3160,4814
3161,4815
3162,4816
3163,4817
3164,4818
3165,4819
3166,4820
3167,4821
3168,4822
3169,4824
3170,4825
3171,4826
3172,4829
3173,4830
3174,4831
3175,4832
3176,4833
3177,4834
3178,4835
3179,4839
3180,4840
3181,4841
3182,4843
3183,4844
3184,4845
3185,4846
3186,4847
3187,4849
3188,4850
3189,4852
3190,4853
3191,4855
3192,4856
3193,4859
3194,4860
3195,4861
3196,4862
3197,4863
3198,4864
3199,4865
3200,4866
3201,4868
3202,4870
3203,4871
3204,4872
3205,4873
3206,4874
3207,4876
3208,4878
3209,4881
3210,4883
3211,4884
3212,4885
3213,4886
3214,4887
3215,4888
3216,4890
3217,4891
3218,4892
3219,4893
3220,4894
3221,4895
3222,4897
3223,4899
3224,4901
3225,4903
3226,4905
3227,4906
3228,4907
3229,4908
3230,4909
3231,4910
3232,4911
3233,4913
3234,4914
3235,4916
3236,4919
3237,4920
3238,4921
3239,4923
3240,4924
3241,4926
3242,4927
3243,4928
3244,4929
3245,4934
3246,4935
3247,4936
3248,4937
3249,4938
3250,4940
3251,4941
3252,4942
3253,4943
3254,4944
3255,4945
3256,4948
3257,4949
3258,4950
3259,4951
3260,4953
3261,4954
3262,4956
3263,4957
3264,4958
3265,4959
3266,4960
3267,4961
3268,4962
3269,4963
3270,4965
3271,4966
3272,4967
3273,4969
3274,4970
3275,4971
3276,4973
3277,4975
3278,4976
3279,4978
3280,4980
3281,4981
3282,4982
3283,4983
3284,4984
3285,4986
3286,4987
3287,4988
3288,4991
3289,4993
3290,4995
3291,4996
3292,4999
3293,5000
3294,5001
3295,5004
3296,5005
3297,5008
3298,5010
3299,5011
3300,5012
3301,5013
3302,5015
3303,5016
3304,5017
3305,5020
3306,5021
3307,5022
3308,5023
3309,5024
3310,5025
3311,5027
3312,5029
3313,5032
3314,5033
3315,5034
3316,5036
3317,5038
3318,5039
3319,5040
3320,5041
3321,5042
3322,5044
3323,5049
3324,5050
3325,5051
3326,5053
3327,5054
3328,5055
3329,5056
3330,5057
3331,5058
3332,5059
3333,5062
3334,5064
3335,5065
3336,5066
3337,5070
3338,5071
3339,5074
3340,5077
3341,5078
3342,5080
3343,5081
3344,5082
3345,5083
3346,5084
3347,5086
3348,5089
3349,5090
3350,5091
3351,5093
3352,5094
3353,5095
3354,5096
3355,5097
3356,5098
3357,5099
3358,5100
3359,5103
3360,5106
3361,5107
3362,5108
3363,5109
3364,5110
3365,5112
3366,5113
3367,5116
3368,5117
3369,5119
3370,5121
3371,5122
3372,5124
3373,5125
3374,5126
3375,5127
3376,5128
3377,5129
3378,5130
3379,5131
3380,5133
3381,5134
3382,5136
3383,5139
3384,5141
3385,5142
3386,5143
3387,5144
3388,5146
3389,5147
3390,5148
3391,5150
3392,5152
3393,5153
3394,5154
3395,5155
3396,5157
3397,5158
3398,5160
3399,5162
3400,5163
3401,5164
3402,5167
3403,5168
3404,5170
3405,5171
3406,5175
3407,5177
3408,5178
3409,5179
3410,5180
3411,5182
3412,5183
3413,5184
3414,5186
3415,5187
3416,5190
3417,5191
3418,5192
3419,5193
3420,5194
3421,5195
3422,5196
3423,5197
3424,5199
3425,5201
3426,5202
3427,5204
3428,5205
3429,5206
3430,5208
3431,5209
3432,5210
3433,5211
3434,5212
3435,5213
3436,5215
3437,5217
3438,5218
3439,5219
3440,5220
3441,5221
3442,5223
3443,5224
3444,5225
3445,5226
3446,5228
3447,5229
3448,5231
3449,5232
3450,5233
3451,5234
3452,5236
3453,5237
3454,5239
3455,5241
3456,5242
3457,5243
3458,5248
3459,5249
3460,5251
3461,5253
3462,5254
3463,5255
3464,5257
3465,5260
3466,5262
3467,5263
3468,5264
3469,5265
3470,5266
3471,5268
3472,5270
3473,5271
3474,5272
3475,5274
3476,5277
3477,5278
3478,5280
3479,5283
3480,5284
3481,5285
3482,5287
3483,5288
3484,5290
3485,5291
3486,5292
3487,5293
3488,5294
3489,5295
3490,5296
3491,5297
3492,5299
3493,5300
3494,5301
3495,5302
3496,5303
3497,5304
3498,5305
3499,5306
3500,5308
3501,5309
3502,5310
3503,5312
3504,5314
3505,5315
3506,5316
3507,5317
3508,5319
3509,5321
3510,5323
3511,5324
3512,5325
3513,5326
3514,5329
3515,5330
3516,5331
3517,5332
3518,5333
3519,5335
3520,5336
3521,5338
3522,5339
3523,5340
3524,5341
3525,5342
3526,5343
3527,5344
3528,5345
3529,5347
3530,5348
3531,5351
3532,5352
3533,5353
3534,5354
3535,5355
3536,5356
3537,5357
3538,5358
3539,5359
3540,5360
3541,5361
3542,5362
3543,5363
3544,5364
3545,5366
3546,5368
3547,5370
3548,5373
3549,5374
3550,5376
3551,5380
3552,5381
3553,5382
3554,5383
3555,5384
3556,5385
3557,5388
3558,5389
3559,5390
3560,5391
3561,5392
3562,5393
3563,5394
3564,5395
3565,5398
3566,5400
